"項目名","2026/01","2026/02","2026/03","2026/04","2026/05","2026/06","2026/07","2026/08","2026/09","月平均"
"HP番削除","28","37","57","22","70","36","65","32","12","39.9"
"Yを立てる","15","35","23","17","8","15","24","5","8","16.7"
"原価変更","14","26","75","38","26","47","49","22","5","33.6"
"枝番・子コード削除","0","0","0","0","1","0","2","0","0","1.5"
"枝番・子コード修正","1","1","0","1","0","2","0","1","0","1.2"
"枝番・子コード登録","2","5","7","8","10","13","76","0","0","17.3"
"摘要変更","1","0","3","1","3","2","7","5","0","3.1"
"特値登録","2","28","143","26","17","15","10","7","3","27.9"
"特値変更","0","0","2","0","6","1","1","0","245","51"
"売掛・買掛データ取込","1","0","3","15","14","18","18","13","9","11.4"
"発注数量変更","1","1","1","0","0","1","0","1","1","1"
"発注単価変更","0","0","0","0","0","0","0","14","0","14"
"備考変更","2","1","0","1","0","0","6","2","0","2.4"
"合計","67","134","314","129","155","150","258","102","283","14.7"
